<?xml version="1.0" encoding="UTF-8"?>
<project-private xmlns="http://www.netbeans.org/ns/project-private/1">
    <editor-bookmarks xmlns="http://www.netbeans.org/ns/editor-bookmarks/2" lastBookmarkId="0"/>
    <open-files xmlns="http://www.netbeans.org/ns/projectui-open-files/2">
        <group>
            <file>file:/C:/Users/ASUS/OneDrive/Desktop/LBMS/src/Remove_Staffs.java</file>
            <file>file:/C:/Users/ASUS/OneDrive/Desktop/LBMS/src/Add_Staff.java</file>
            <file>file:/C:/Users/ASUS/OneDrive/Desktop/LBMS/src/Dashboard.java</file>
            <file>file:/C:/Users/ASUS/OneDrive/Desktop/LBMS/src/Edit_Admin.java</file>
        </group>
    </open-files>
</project-private>
